Metric,Value,Notes
Total Posts,399,Including progress reports and special posts
Main Series Posts,392,Numbered collection entries
Total Words,154026,Excluding frontmatter
Average Words Per Post,386,Median: 344
Minimum Words,46,Shortest entry
Maximum Words,1872,Galaxie 500 box set analysis
Unique Artists,57,Core four + secondary coverage
Unique Albums,274,Different recordings/editions
Total Time Span,1352 days,January 18 2023 to October 1 2026
Average Days Between Posts,3.4,Remarkably consistent
Minimum Gap,1 day,Consecutive posting observed
Maximum Gap,14 days,Rare occurrence
Posts 2023,106,314 words/post average
Posts 2024,110,379 words/post average
Posts 2025,105,419 words/post average
Posts 2026,78,450 words/post average (through Oct 1)
Luna Posts,90,22.6% of series
Luna Words,33100,21.5% of total
Galaxie 500 Posts,64,16.0% of series
Galaxie 500 Words,24974,16.2% of total
Damon & Naomi Posts,41,10.3% of series
Dean & Britta Posts,38,9.5% of series
Most Common Format,CD,167 entries (43.3%)
Second Format,LP,86 entries (22.3%)
Third Format,7 inch single,72 entries (18.6%)
